,town_check,town_set,county,
"Abbeyside, Waterford",Abbeyside,Abbeyside, Waterford,218
"Abbeydorney, Kerry",Abbeydorney,Abbeydorney, Kerry,218
"Abbeyfeale, Limerick",Abbeyfeale,Abbeyfeale, Limerick,1683
"Abbeyleix, Laois",Abbeyleix,Abbeyleix, Laois,1383
"Achill Sound, Mayo",Achill Sound,Achill Sound, Mayo,355
"Adamstown, Wexford",Adamstown,Adamstown, Wexford,176
"Adare, Limerick",Adare,Adare, Limerick,1102
"Aghada-Farsid-Rostellan, Cork",Aghada,Aghada, Cork,774
,Farsid,Aghada,Cork,
,Rostellan,Aghada,Cork,
"Aglish, Waterford",Aglish,Aglish, Waterford,193
"Ahascragh, Galway",Ahascragh,Ahascragh, Galway,271
"Allenwood, Kildare",Allenwood,Allenwood, Kildare,481
"Annacotty, Limerick",Annacotty,Annacotty, Limerick,1342
"Annagry, Donegal",Annagry,Annagry, Donegal,247
"Annascaul, Kerry",Annascaul,Annascaul, Kerry,202
"Ardagh, Limerick",Ardagh,Ardagh, Limerick,270
"Ardara, Donegal",Ardara,Ardara, Donegal,578
"Ardee, Louth",Ardee,Ardee, Louth,3948
"Ardfert, Kerry",Ardfert,Ardfert, Kerry,691
"Ardfinnan, Tipperary South",Ardfinnan,Ardfinnan, Tipperary South,779
"Ardmore, Waterford",Ardmore,Ardmore, Waterford,459
"Ardnacrusha (Castlebank), Clare",Ardnacrusha,Ardnacrusha (Castlebank), Clare,926
,Castlebank,#VALUE!,Clare,
"Ardskeagh, Clare",Ardskeagh,Ardskeagh, Clare,149
"Arklow Town, Wicklow",Arklow,Arklow, Wicklow,9993
"Arvagh, Cavan",Arvagh,Arvagh, Cavan,357
"Ashbourne, Meath",Ashbourne,Ashbourne, Meath,6362
"Ashford, Wicklow",Ashford,Ashford, Wicklow,1356
"Askeaton, Limerick",Askeaton,Askeaton, Limerick,921
"Athboy, Meath",Athboy,Athboy, Meath,1538
"Athea, Limerick",Athea,Athea, Limerick,410
"Athenry, Galway",Athenry,Athenry, Galway,2154
"Athlone Town, Westmeath",Athlone,Athlone, Westmeath,15936
"Athy Town, Kildare",Athy,Athy, Kildare,6049
"Aughrim, Wicklow",Aughrim,Aughrim, Wicklow,871
"Avoca, Wicklow",Avoca,Avoca, Wicklow,564
"Bailieborough, Cavan",Bailieborough,Bailieborough, Cavan,1660
"Balbriggan, Fingal, Dublin",Balbriggan,Balbriggan," Fingal, Dublin",10294
"Balla, Mayo",Balla,Balla, Mayo,443
"Ballaghaderreen, Roscommon",Ballaghaderreen,Ballaghaderreen, Roscommon,1416
"Ballina, Mayo",Ballina,Ballina, Mayo,9647
"Ballina, Tipperary",Ballina,Ballina, Tipperary,1185
"Ballinagh, Cavan",Ballinagh,Ballinagh, Cavan,502
"Ballinakill, Laois",Ballinakill,Ballinakill, Laois,328
"Ballinamore, Leitrim",Ballinamore,Ballinamore, Leitrim,687
"Ballinasloe Town, Galway",Ballinasloe,Ballinasloe, Galway,6129
"Ballincar, Sligo",Ballincar,Ballincar, Sligo,510
"Ballindine, Mayo",Ballindine,Ballindine, Mayo,297
"Ballineen and Enniskean, Cork",Ballineen,Ballineen and Enniskean,Cork,619
,Enniskean,#VALUE!,Cork,
"Ballingarry, Limerick",Ballingarry,Ballingarry, Limerick,348
"Ballingarry, Tipperary South",Ballingarry,Ballingarry, Tipperary South,314
"Ballingeary, Cork",Ballingeary,Ballingeary, Cork,205
"Ballinlough, Roscommon",Ballinlough,Ballinlough, Roscommon,254
"Ballinroad, Waterford",Ballinroad,Ballinroad, Waterford,431
"Ballinrobe, Mayo",Ballinrobe,Ballinrobe, Mayo,1626
"Ballintra, Donegal",Ballintra,Ballintra, Donegal,216
"Ballisodare, Sligo",Ballisodare,Ballisodare, Sligo,853
"Ballitore, Kildare",Ballitore,Ballitore, Kildare,338
"Ballivor, Meath",Ballivor,Ballivor, Meath,793
"Ballon, Carlow",Ballon,Ballon, Carlow,284
"Ballyagran, Limerick",Ballyagran,Ballyagran, Limerick,185
"Ballybay, Monaghan",Ballybay,Ballybay, Monaghan,437
"Ballybay Environs, Monaghan",Ballybay Environs,Ballybay Environs, Monaghan,627
"Ballybofey-Stranorlar, Donegal",Ballybofey,Ballybofey, Donegal,3603
,Stranorlar,Stranorlar,Donegal,
"Ballyboghil, Fingal",Ballyboghil,Ballyboghil, Fingal,313
"Ballybunion, Kerry",Ballybunion,Ballybunion, Kerry,1329
"Ballycanew, Wexford",Ballycanew,Ballycanew, Wexford,302
"Ballycannan, Clare",Ballycannan,Ballycannan, Clare,654
"Ballycastle, Mayo",Ballycastle,Ballycastle, Mayo,249
"Ballyclerahan, Tipperary South",Ballyclerahan,Ballyclerahan, Tipperary South,408
"Ballyclogh, Cork",Ballyclogh,Ballyclogh, Cork,208
"Ballyconnell, Cavan",Ballyconnell,Ballyconnell, Cavan,572
"Ballycotton, Cork",Ballycotton,Ballycotton, Cork,425
"Ballycullane, Wexford",Ballycullane,Ballycullane, Wexford,207
"Ballycumber, Offaly",Ballycumber,Ballycumber, Offaly,248
"Ballydehob, Cork",Ballydehob,Ballydehob, Cork,206
"Ballydesmond, Cork",Ballydesmond,Ballydesmond, Cork,193
"Ballyduff, Kerry",Ballyduff,Ballyduff, Kerry,614
"Ballyfarnon, Roscommon",Ballyfarnon,Ballyfarnon, Roscommon,206
"Ballygar, Galway",Ballygar,Ballygar, Galway,642
"Ballygeary (or Rosslare Harbour), Wexford",Ballygeary,Ballygeary, Wexford,1038
,Rosslare,Ballygeary,Wexford,
,Rosslare Harbour,Ballygeary,Wexford,
"Ballyhack, Wexford",Ballyhack,Ballyhack, Wexford,210
"Ballyhaise, Cavan",Ballyhaise,Ballyhaise, Cavan,530
"Ballyhaunis, Mayo",Ballyhaunis,Ballyhaunis, Mayo,1381
"Ballyheigue, Kerry",Ballyheigue,Ballyheigue, Kerry,626
"Ballyhooly, Cork",Ballyhooly,Ballyhooly, Cork,179
"Ballyjamesduff, Cavan",Ballyjamesduff,Ballyjamesduff, Cavan,871
"Ballylanders, Limerick",Ballylanders,Ballylanders, Limerick,333
"Ballyliffin, Donegal",Ballyliffin,Ballyliffin, Donegal,313
"Ballylinan, Laois",Ballylinan,Ballylinan, Laois,430
"Ballylongford, Kerry",Ballylongford,Ballylongford, Kerry,405
"Ballymahon, Longford",Ballymahon,Ballymahon, Longford,827
"Ballymakeery, Cork",Ballymakeery,Ballymakeery, Cork,337
"Ballymore, Westmeath",Ballymore,Ballymore, Westmeath,239
"Ballymore Eustace, Kildare",Ballymore Eustace,Ballymore Eustace, Kildare,786
"Ballymote, Sligo",Ballymote,Ballymote, Sligo,981
"Ballymulcashel, Clare",Ballymulcashel,Ballymulcashel, Clare,255
"Ballynacargy, Westmeath",Ballynacargy,Ballynacargy, Westmeath,260
"Ballyoulster, Kildare",Ballyoulster,Ballyoulster, Kildare,411
"Ballyporeen, Tipperary South",Ballyporeen,Ballyporeen, Tipperary South,295
"Ballyragget, Kilkenny",Ballyragget,Ballyragget, Kilkenny,821
"Ballyroan, Laois",Ballyroan,Ballyroan, Laois,142
"Ballyroe, Kildare",Ballyroe,Ballyroe, Kildare,151
"Ballysax, Kildare",Ballysax,Ballysax, Kildare,170
"Ballyshannon, Donegal",Ballyshannon,Ballyshannon, Donegal,2715
"Ballysimon, Wexford",Ballysimon,Ballysimon, Wexford,217
"Ballyvaughan, Clare",Ballyvaughan,Ballyvaughan, Clare,201
"Balreask, Meath",Balreask,Balreask, Meath,221
"Baltimore, Cork",Baltimore,Baltimore, Cork,383
"Baltinglass, Wicklow",Baltinglass,Baltinglass, Wicklow,1260
"Baltray, Louth",Baltray,Baltray, Louth,120
"Banagher, Offaly",Banagher,Banagher, Offaly,1553
"Bandon, Cork",Bandon,Bandon, Cork,5051
"Bangor Erris, Mayo",Bangor Erris,Bangor Erris, Mayo,266
"Bansha, Tipperary South",Bansha,Bansha, Tipperary South,302
"Banteer, Cork",Banteer,Banteer, Cork,327
"Bantry, Cork",Bantry,Bantry, Cork,3150
"Barntown, Wexford",Barntown,Barntown, Wexford,394
"Beaufort, Kerry",Beaufort,Beaufort, Kerry,159
"Bellanode, Monaghan",Bellanode,Bellanode, Monaghan,330
"Belmont, Offaly",Belmont,Belmont, Offaly,252
"Belmullet, Mayo",Belmullet,Belmullet, Mayo,952
"Belturbet, Cavan",Belturbet,Belturbet, Cavan,1295
"Bennettsbridge, Kilkenny",Bennettsbridge,Bennettsbridge, Kilkenny,735
"Birr, Offaly",Birr,Birr, Offaly,4436
"Blacklion, Cavan",Blacklion,Blacklion, Cavan,166
"Blarney, Cork",Blarney,Blarney, Cork,2146
"Blessington, Wicklow",Blessington,Blessington, Wicklow,2509
"Boherbue, Cork",Boherbue,Boherbue, Cork,379
"Borris, Carlow",Borris,Borris, Carlow,580
"Borris-in-Ossory, Laois",Borris-in-Ossory,Borris-in-Ossory, Laois,379
,Borris in Ossory,Borris in Ossory,Laois,
Borrisokane,Borrisokane,Borrisokane,Tipperary,832
"Borrisoleigh, Tipperary North",Borrisoleigh,Borrisoleigh, Tipperary North,598
"Boyle, Roscommon",Boyle,Boyle, Roscommon,2205
"Bracknagh, Offaly",Bracknagh,Bracknagh, Offaly,259
"Bray, Wicklow",Bray,Bray, Wicklow,30951
"Bridebridge, Cork",Bridebridge,Bridebridge, Cork,214
"Bridge End, Donegal",Bridge End,Bridge End, Donegal,298
"Bridgetown, Wexford",Bridgetown,Bridgetown, Wexford,183
"Brinlack, Donegal",Brinlack,Brinlack, Donegal,381
"Brittas, South Dublin",Brittas,Brittas, South Dublin,174
"Broadford, Limerick",Broadford,Broadford, Limerick,300
"Brosna, Kerry",Brosna,Brosna, Kerry,204
"Brownstown, Kildare",Brownstown,Brownstown, Kildare,500
"Bruff, Limerick",Bruff,Bruff, Limerick,695
"Bruree, Limerick",Bruree,Bruree, Limerick,299
"Bunbeg-Derrybeg, Donegal",Bunbeg,Bunbeg, Donegal,1388
,Derrybeg,Derrybeg,Donegal,
"Bunclody-Carrickduff, Carlow and Wexford",Bunclody,Bunclody,Wexford,1361
,Carrickduff,Carrickduff,Carlow,
"Buncrana Town, Donegal",Buncrana,Buncrana, Donegal,5271
"Bundoran Town, Donegal",Bundoran,Bundoran, Donegal,1842
"Burnfoot, Donegal",Burnfoot,Burnfoot, Donegal,240
"Burtonport, Donegal",Burtonport,Burtonport, Donegal,346
"Butlersbridge, Cavan",Butlersbridge,Butlersbridge, Cavan,182
"Buttevant, Cork",Buttevant,Buttevant, Cork,987
"Cabragh, Monaghan",Cabragh,Cabragh, Monaghan,201
"Caherconlish, Limerick",Caherconlish,Caherconlish, Limerick,616
"Cahir, Tipperary South",Cahir,Cahir, Tipperary South,2794
"Cahersiveen, Kerry",Cahersiveen,Cahersiveen, Kerry,10234
"Callan, Kilkenny",Callan,Callan, Kilkenny,1325
"Camolin, Wexford",Camolin,Camolin, Wexford,320
"Campile, Wexford",Campile,Campile, Wexford,335
"Cappamore, Limerick",Cappamore,Cappamore, Limerick,684
"Cappawhite, Tipperary South",Cappawhite,Cappawhite, Tipperary South,340
"Cappoquin, Waterford",Cappoquin,Cappoquin, Waterford,756
"Carlingford, Louth",Carlingford,Carlingford, Louth,604
"Carlow Town, Carlow",Carlow,Carlow, Carlow,18487
"Carndonagh, Donegal",Carndonagh,Carndonagh, Donegal,1673
"Carnew, Wicklow",Carnew,Carnew, Wicklow,809
"Carragh, Kildare",Carragh,Carragh, Kildare,242
"Carraroe, Galway",Carraroe,Carraroe, Galway,629
"Carrick, Donegal",Carrick,Carrick, Donegal,245
"Carrickmacross Town, Monaghan",Carrickmacross,Carrickmacross, Monaghan,3832
"Carrick-on-Shannon, Leitrim and Roscommon",Carrick-on-Shannon,Carrick-on-Shannon, Leitrim,2237
,Carrick on Shannon,Carrick on Shannon, Leitrim,
"Carrick-on-Suir Town, Tipperary South",Carrick-on-Suir,Carrick-on-Suir, Tipperary South,5586
,Carrick on Suir,Carrick on Suir, Tipperary South,
"Carrigaline, Cork",Carrigaline,Carrigaline, Cork,11191
"Carrigallen, Leitrim",Carrigallen,Carrigallen, Leitrim,257
"Carrigans, Donegal",Carrigans,Carrigans, Donegal,158
"Carrigtwohill, Cork",Carrigtwohill,Carrigtwohill, Cork,1411
"Carrowkeel, Donegal",Carrowkeel,Carrowkeel, Donegal,253
"Cashel Town, Tipperary South",Cashel,Cashel, Tipperary South,2770
"Castlebar Town, Mayo",Castlebar,Castlebar, Mayo,11371
"Castlebellingham/Kilsaran, Louth",Castlebellingham,Castlebellingham, Louth,721
,Kilsaran,Castlebellingham,Louth,
"Castleblayney Town, Monaghan",Castleblayney,Castleblayney, Monaghan,2936
"Castlebridge, Wexford",Castlebridge,Castlebridge, Wexford,1013
"Castlecomer-Donaguile, Kilkenny",Castlecomer,Castlecomer, Kilkenny,1482
"Castleconnell, Limerick",Castleconnell,Castleconnell, Limerick,1343
"Castledermot, Kildare",Castledermot,Castledermot, Kildare,726
"Castle Ellis, Wexford",Castle Ellis,Castle Ellis, Wexford,165
"Castlefin, Donegal",Castlefin,Castlefin, Donegal,783
"Castlegregory, Kerry",Castlegregory,Castlegregory, Kerry,186
"Castleisland, Kerry",Castleisland,Castleisland, Kerry,2162
"Castlelyons, Cork",Castlelyons,Castlelyons, Cork,211
"Castlemartyr, Cork",Castlemartyr,Castlemartyr, Cork,577
"Castlepollard, Westmeath",Castlepollard,Castlepollard, Westmeath,895
"Castlerea, Roscommon",Castlerea,Castlerea, Roscommon,2689
"Castletown, Laois",Castletown,Castletown, Laois,289
"Castletownbere, Cork",Castletownbere,Castletownbere, Cork,875
"Castletownroche, Cork",Castletownroche,Castletownroche, Cork,423
"Castletownshend, Cork",Castletownshend,Castletownshend, Cork,157
"Causeway, Kerry",Causeway,Causeway, Kerry,251
"Cavan Town, Cavan",Cavan,Cavan, Cavan,6098
"Ceannanus Mór (formerly Kells) Town, Meath",Ceannanus,Ceannanus, Meath,4421
,Kells,Kells,Meath,
"Celbridge, Kildare",Celbridge,Celbridge, Kildare,16016
"Charlestown-Bellahy, Mayo and Sligo",Charlestown,Charlestown,Mayo,753
,Charlestown,Charlestown,Sligo,
"Cheekpoint, Waterford",Cheekpoint,Cheekpoint, Waterford,325
"Churchbay, Cork",Churchbay,Churchbay, Cork,270
"Clane, Kildare",Clane,Clane, Kildare,4417
"Clara, Offaly",Clara,Clara, Offaly,2704
"Claregalway, Galway",Claregalway,Claregalway, Galway,562
"Claremorris, Mayo",Claremorris,Claremorris, Mayo,2101
"Clarinbridge, Galway",Clarinbridge,Clarinbridge, Galway,173
"Clashmore, Waterford",Clashmore,Clashmore, Waterford,161
"Clifden, Galway",Clifden,Clifden, Galway,1355
"Cliffoney, Sligo",Cliffoney,Cliffoney, Sligo,327
"Cloghan, Offaly",Cloghan,Cloghan, Offaly,523
"Clogh-Chatsworth, Kilkenny",Chatsworth,Chatsworth, Kilkenny,320
"Clogheen, Tipperary South",Clogheen,Clogheen, Tipperary South,550
"Clogherhead, Louth",Clogherhead,Clogherhead, Louth,906
"Clonakilty Town, Cork",Clonakilty,Clonakilty, Cork,3698
"Clonard, Meath",Clonard,Clonard, Meath,248
"Clonaslee, Laois",Clonaslee,Clonaslee, Laois,538
"Clonbullogue, Offaly",Clonbullogue,Clonbullogue, Offaly,390
"Clonee Village, Meath",Clonee,Clonee, Meath,173
"Clonegal, Carlow and Wexford",Clonegal,Clonegal, Carlow and Wexford,193
"Clones Town, Monaghan",Clones,Clones, Monaghan,1947
"Clongeen, Wexford",Clongeen,Clongeen, Wexford,224
"Clonlara, Clare",Clonlara,Clonlara, Clare,472
"Clonmany, Donegal",Clonmany,Clonmany, Donegal,393
"Clonmel Borough, Tipperary South",Clonmel Borough,Clonmel Borough, Tipperary South,16910
"Clonmellon, Westmeath",Clonmellon,Clonmellon, Westmeath,403
"Clonroche, Wexford",Clonroche,Clonroche, Wexford,339
"Clontuskert, Roscommon",Clontuskert,Clontuskert, Roscommon,236
"Cloonboo, Galway",Cloonboo,Cloonboo, Galway,351
"Cloughjordan, Tipperary North",Cloughjordan,Cloughjordan, Tipperary North,431
"Cloyne, Cork",Cloyne,Cloyne, Cork,785
"Coachford, Cork",Coachford,Coachford, Cork,412
"Cobh Town, Cork",Cobh Town,Cobh Town, Cork,9801
"Coill Dubh (or Blackwood), Kildare",Blackwood,Blackwood, Kildare,592
,Coill Dubh,Blackwood,Kildare,
"Collinstown, Westmeath",Collinstown,Collinstown, Westmeath,229
"Collon, Louth",Collon,Collon, Louth,424
"Collooney, Sligo",Collooney,Collooney, Sligo,619
"Cong, Galway and Mayo",Cong,Cong, Galway and Mayo,185
"Conna, Cork",Conna,Conna, Cork,258
"Convoy, Donegal",Convoy,Convoy, Donegal,1028
"Coolagary, Offaly",Coolagary,Coolagary, Offaly,241
"Coolaney, Sligo",Coolaney,Coolaney, Sligo,167
"Coolgreany, Wexford",Coolgreany,Coolgreany, Wexford,398
"Coonagh, Limerick",Coonagh,Coonagh, Limerick,222
"Cootehill, Cavan",Cootehill,Cootehill, Cavan,1744
"Cork City, Cork",Cork City,Cork City, Cork,186239
"Corofin, Clare",Corofin,Corofin, Clare,382
"Courtmacsherry, Cork",Courtmacsherry,Courtmacsherry, Cork,259
"Courtown Harbour, Wexford",Courtown Harbour,Courtown Harbour, Wexford,502
"Cratloe, Clare",Cratloe,Cratloe, Clare,656
"Craughwell, Galway",Craughwell,Craughwell, Galway,358
"Creeslough, Donegal",Creeslough,Creeslough, Donegal,304
"Crocknamurleog, Donegal",Crocknamurleog,Crocknamurleog, Donegal,346
"Cromane, Kerry",Cromane,Cromane, Kerry,125
"Crookstown, Cork",Crookstown,Crookstown, Cork,320
"Croom, Limerick",Croom,Croom, Limerick,1056
"Crosshaven, Cork",Crosshaven,Crosshaven, Cork,1373
"Crossmolina, Mayo",Crossmolina,Crossmolina, Mayo,935
"Culdaff, Donegal",Culdaff,Culdaff, Donegal,182
"Daingean, Offaly",Daingean,Daingean, Offaly,777
"Danescastle, Wexford",Danescastle,Danescastle, Wexford,168
"Delvin, Westmeath",Delvin,Delvin, Westmeath,1000
"Derrinturn, Kildare",Derrinturn,Derrinturn, Kildare,791
"Dingle, Kerry",Dingle,Dingle, Kerry,5281
"Donabate, Fingal",Donabate,Donabate, Fingal,3854
"Donard, Wicklow",Donard,Donard, Wicklow,201
"Donegal, Donegal",Donegal,Donegal, Donegal,2453
"Doneraile, Cork",Doneraile,Doneraile, Cork,800
"Donore, Meath",Donore,Donore, Meath,334
"Doon, Limerick",Doon,Doon, Limerick,407
"Doonbeg, Clare",Doonbeg,Doonbeg, Clare,206
"Drimoleague, Cork",Drimoleague,Drimoleague, Cork,363
"Drogheda Borough, Louth",Drogheda Borough,Drogheda Borough, Louth,31020
"Droichead Nua (formerly Newbridge), Kildare",Droichead Nua,Droichead Nua, Kildare,16739
,Newbridge,Droichead Nua,Kildare,
"Dromahair, Leitrim",Dromahair,Dromahair, Leitrim,312
"Dromina, Cork",Dromina,Dromina, Cork,190
"Dromiskin, Louth",Dromiskin,Dromiskin, Louth,949
"Drommahane, Cork",Drommahane,Drommahane, Cork,548
"Dromcolliher, Limerick",Dromcolliher,Dromcolliher, Limerick,496
"Drumconrath, Meath",Drumconrath,Drumconrath, Meath,389
"Drumkeeran, Leitrim",Drumkeeran,Drumkeeran, Leitrim,242
"Drumlish, Longford",Drumlish,Drumlish, Longford,277
"Drumshanbo, Leitrim",Drumshanbo,Drumshanbo, Leitrim,623
"Drumsna, Leitrim",Drumsna,Drumsna, Leitrim,173
"Dublin, Dublin",Dublin,Dublin, Dublin,1045000
"Duleek, Meath",Duleek,Duleek, Meath,2173
"Dunboyne, Meath",Dunboyne,Dunboyne, Meath,5363
"Duncannon, Wexford",Duncannon,Duncannon, Wexford,303
"Duncormick, Wexford",Duncormick,Duncormick, Wexford,501
"Dundalk Town, Louth",Dundalk,Dundalk, Louth,32505
"Dundrum, Tipperary South",Dundrum,Dundrum, Tipperary South,191
"Dunfanaghy, Donegal",Dunfanaghy,Dunfanaghy, Donegal,293
"Dungarvan Town, Waterford",Dungarvan,Dungarvan, Waterford,7452
"Dungloe, Donegal",Dungloe,Dungloe, Donegal,946
"Dunkineely, Donegal",Dunkineely,Dunkineely, Donegal,353
"Dunlavin, Wicklow",Dunlavin,Dunlavin, Wicklow,814
"Dunleer, Louth",Dunleer,Dunleer, Louth,1014
"Dunmanway, Cork",Dunmanway,Dunmanway, Cork,1532
"Dunmore, Galway",Dunmore,Dunmore, Galway,594
"Dunmore East, Waterford",Dunmore East,Dunmore East, Waterford,1750
"Dunshaughlin, Meath",Dunshaughlin,Dunshaughlin, Meath,3063
"Durrow, Laois",Durrow,Durrow, Laois,717
"Durrus, Cork",Durrus,Durrus, Cork,283
"Easky, Sligo",Easky,Easky, Sligo,211
"Edenderry, Offaly",Edenderry,Edenderry, Offaly,4559
"Elphin, Roscommon",Elphin,Elphin, Roscommon,527
"Emly, Tipperary South",Emly,Emly, Tipperary South,278
"Emo, Laois",Emo,Emo, Laois,220
"Emyvale, Monaghan",Emyvale,Emyvale, Monaghan,583
"Enfield, Meath",Enfield,Enfield, Meath,1072
"Ennis Town, Clare",Ennis Town,Ennis Town, Clare,22051
"Enniscorthy Town, Wexford",Enniscorthy,Enniscorthy, Wexford,8964
"Enniskerry, Wicklow",Enniskerry,Enniskerry, Wicklow,1904
"Ennistymon, Clare",Ennistymon,Ennistymon, Clare,881
"Eyrecourt, Galway",Eyrecourt,Eyrecourt, Galway,354
"Fahan, Donegal",Fahan,Fahan, Donegal,338
"Falcarragh (or Cross Roads), Donegal",Falcarragh,Falcarragh, Donegal,852
"Farran, Cork",Farran,Farran, Cork,368
"Feakle, Clare",Feakle,Feakle, Clare,149
"Fenit, Kerry",Fenit,Fenit, Kerry,433
"Ferbane, Offaly",Ferbane,Ferbane, Offaly,1198
"Fermoy Town, Cork",Fermoy Town,Fermoy Town, Cork,4804
"Ferns, Wexford",Ferns,Ferns, Wexford,985
"Fethard, Tipperary South",Fethard,Fethard, Tipperary South,1388
"Fethard-on-Sea, Wexford",Fethard,Fethard-on-Sea, Wexford,302
,Fethard-on-Sea,Fethard-on-Sea,Wexford,
,Fethard on Sea,Fethard-on-Sea,Wexford,
"Ford, Wexford",Ford,Ford, Wexford,378
"Fountainstown, Cork",Fountainstown,Fountainstown, Cork,852
"Foxford, Mayo",Foxford,Foxford, Mayo,878
"Foynes, Limerick",Foynes,Foynes, Limerick,491
"Frenchpark, Roscommon",Frenchpark,Frenchpark, Roscommon,358
"Freshford, Kilkenny",Freshford,Freshford, Kilkenny,756
"Furbogh, Galway",Furbogh,Furbogh, Galway,319
"Galbally, Limerick",Galbally,Galbally, Limerick,235
"Galway City, Galway",Galway City,Galway City, Galway,72000
"Carrigkerry, Limerick",Carrigkerry,Carrigkerry, Limerick,173
"Garristown, Fingal",Garristown,Garristown, Fingal,289
"Geashill, Offaly",Geashill,Geashill, Offaly,344
"Glanworth, Cork",Glanworth,Glanworth, Cork,378
"Glassan, Westmeath",Glassan,Glassan, Westmeath,216
"Glasslough, Monaghan",Glasslough,Glasslough, Monaghan,296
"Glen, Limerick",Glen,Glen, Limerick,216
"Glenamaddy, Galway",Glenamaddy,Glenamaddy, Galway,457
"Glenbeigh, Kerry",Glenbeigh,Glenbeigh, Kerry,330
"Glencolumbkille, Donegal",Glencolumbkille,Glencolumbkille, Donegal,254
"Glencullen, Dún Laoghaire–Rathdown, Dublin",Glencullen,Glencullen," Dún Laoghaire–Rathdown, Dublin",204
"Glenealy, Wicklow",Glenealy,Glenealy, Wicklow,377
"Glenties, Donegal",Glenties,Glenties, Donegal,789
"Glin, Limerick",Glin,Glin, Limerick,560
"Gneevgullia, Kerry",Gneevgullia,Gneevgullia, Kerry,239
"Golden, Tipperary South",Golden,Golden, Tipperary South,268
"Goresbridge, Kilkenny",Goresbridge,Goresbridge, Kilkenny,401
"Gorey, Wexford",Gorey,Gorey, Wexford,5282
"Gormanston, Meath",Gormanston,Gormanston, Meath,504
"Gort, Galway",Gort,Gort, Galway,1776
"Gortahork, Donegal",Gortahork,Gortahork, Donegal,155
"Gortnahoo, Tipperary South",Gortnahoo,Gortnahoo, Tipperary South,207
"Gowran, Kilkenny",Gowran,Gowran, Kilkenny,454
"Grahormac, Wexford",Grahormac,Grahormac, Wexford,162
"Graiguenamanagh- Tinnahinch, Carlow and Kilkenny",Graiguenamanagh,Graiguenamanagh,Kilkenny,1435
,Tinnahinch,Tinnahinch,Carlow,
"Granard, Longford",Granard,Granard, Longford,1013
"Grange, Sligo",Grange,Grange, Sligo,225
"Grangemore, Kildare",Grangemore,Grangemore, Kildare,171
"Greencastle, Donegal",Greencastle,Greencastle, Donegal,570
"Greystones, Wicklow",Greystones,Greystones, Wicklow,11913
"Gurteen, Sligo",Gurteen,Gurteen, Sligo,250
"Hacketstown, Carlow",Hacketstown,Hacketstown, Carlow,614
"Headford, Galway",Headford,Headford, Galway,703
"Holycross, Tipperary North, and Tipperary South",Holycross,Holycross," Tipperary North, and Tipperary South",610
"Hospital, Limerick",Hospital,Hospital, Limerick,1206
"Inchigeelagh, Cork",Inchigeelagh,Inchigeelagh, Cork,157
"Inistioge, Kilkenny",Inistioge,Inistioge, Kilkenny,266
"Inniscrone, Sligo",Inniscrone,Inniscrone, Sligo,668
"Innishannon, Cork",Innishannon,Innishannon, Cork,679
"Inniskeen, Monaghan",Inniskeen,Inniskeen, Monaghan,310
"Jenkinstown, Louth",Jenkinstown,Jenkinstown, Louth,263
"Johnstown, Kildare",Johnstown,Johnstown, Kildare,211
"Johnstown, Kilkenny",Johnstown,Johnstown, Kilkenny,517
"Julianstown/Whitecross, Meath",Julianstown,Julianstown, Meath,422
,Whitecross,Julianstown,Meath,
"Kanturk, Cork",Kanturk,Kanturk, Cork,1651
"Keadew, Roscommon",Keadew,Keadew, Roscommon,194
"Keel-Dooagh, Mayo",Dooagh,Dooagh, Mayo,541
,Keel,Dooagh,Mayo,
"Keenagh, Longford",Keenagh,Keenagh, Longford,225
"Kells, Kilkenny",Kells,Kells, Kilkenny,176
"Kenmare, Kerry",Kenmare,Kenmare, Kerry,1844
"Kentstown, Meath",Kentstown,Kentstown, Meath,355
"Kernanstown, Carlow",Kernanstown,Kernanstown, Carlow,244
"Kilbeggan, Westmeath",Kilbeggan,Kilbeggan, Westmeath,652
"Kilberry, Kildare",Kilberry,Kilberry, Kildare,417
"Kilcar, Donegal",Kilcar,Kilcar, Donegal,262
"Kilcloon, Meath",Kilcloon,Kilcloon, Meath,309
"Kilcock, Kildare",Kilcock,Kilcock, Kildare,2740
"Kilcoole, Wicklow",Kilcoole,Kilcoole, Wicklow,2826
"Kilcormac (or Frankford), Offaly",Kilcormac,Kilcormac, Offaly,879
,Frankford,Kilcormac,Offaly,
"Kilcullen, Kildare",Kilcullen,Kilcullen, Kildare,1483
"Kildalkey, Meath",Kildalkey,Kildalkey, Meath,137
"Kildare, Kildare",Kildare,Kildare, Kildare,5694
"Kildorrery, Cork",Kildorrery,Kildorrery, Cork,215
"Kildrum, Donegal",Kildrum,Kildrum, Donegal,267
"Kildysart, Clare",Kildysart,Kildysart, Clare,271
"Kilfenora, Clare",Kilfenora,Kilfenora, Clare,128
"Kilfinane, Limerick",Kilfinane,Kilfinane, Limerick,779
"Kilgarvan, Kerry",Kilgarvan,Kilgarvan, Kerry,156
"Kilkee, Clare",Kilkee,Kilkee, Clare,1260
"Kilkelly, Mayo",Kilkelly,Kilkelly, Mayo,230
"Kilkenny Borough, Kilkenny",Kilkenny Borough,Kilkenny Borough, Kilkenny,20735
"Kilkishen, Clare",Kilkishen,Kilkishen, Clare,324
"Kill, Kildare",Kill,Kill, Kildare,2246
"Kill, Waterford",Kill,Kill, Waterford,173
"Killala, Mayo",Killala,Killala, Mayo,650
"Killaloe, Clare",Killaloe,Killaloe, Clare,1174
"Killarney Town, Kerry",Killarney,Killarney, Kerry,26992
"Killavullen, Cork",Killavullen,Killavullen, Cork,224
"Killeagh, Cork",Killeagh,Killeagh, Cork,426
"Killeigh, Offaly",Killeigh,Killeigh, Offaly,183
"Killenaule, Tipperary South",Killenaule,Killenaule, Tipperary South,715
"Killeshandra, Cavan",Killeshandra,Killeshandra, Cavan,417
"Killimor, Galway",Killimor,Killimor, Galway,345
"Killorglin, Kerry",Killorglin,Killorglin, Kerry,1359
"Killucan-Rathwire, Westmeath",Killucan,Killucan, Westmeath,575
,Rathwire,Killucan,Westmeath,
"Killumney, Cork",Killumney,Killumney, Cork,522
"Killybegs, Donegal",Killybegs,Killybegs, Donegal,1396
"Killygordan, Donegal",Killygordan,Killygordan, Donegal,399
"Kilmacanogue, Wicklow",Kilmacanogue,Kilmacanogue, Wicklow,834
"Kilmacow, Kilkenny",Kilmacow,Kilmacow, Kilkenny,566
"Kilmacrennan, Donegal",Kilmacrennan,Kilmacrennan, Donegal,430
"Kilmacthomas, Waterford",Kilmacthomas,Kilmacthomas, Waterford,717
"Kilmaine, Mayo",Kilmaine,Kilmaine, Mayo,184
"Kilmainham, Meath",Kilmainham,Kilmainham, Meath,237
"Kilmallock, Limerick",Kilmallock,Kilmallock, Limerick,1362
"Kilmeage, Kildare",Kilmeage,Kilmeage, Kildare,436
"Kilmessan, Meath",Kilmessan,Kilmessan, Meath,292
"Kilmihill, Clare",Kilmihill,Kilmihill, Clare,325
"Kilmoganny, Kilkenny",Kilmoganny,Kilmoganny, Kilkenny,236
"Kilmore Quay, Wexford",Kilmore Quay,Kilmore Quay, Wexford,417
"Kilnaleck, Cavan",Kilnaleck,Kilnaleck, Cavan,305
"Kilpedder, Wicklow",Kilpedder,Kilpedder, Wicklow,517
"Kilrane, Wexford",Kilrane,Kilrane, Wexford,309
"Kilronan, Galway",Kilronan,Kilronan, Galway,270
"Kilrush Town, Clare",Kilrush Town,Kilrush Town, Clare,2699
"Kilsheelan, Tipperary South",Kilsheelan,Kilsheelan, Tipperary South,497
"Kiltimagh, Mayo",Kiltimagh,Kiltimagh, Mayo,1000
"Kilworth, Cork",Kilworth,Kilworth, Cork,427
"Kingscourt, Cavan",Kingscourt,Kingscourt, Cavan,1307
"Kinlough, Leitrim",Kinlough,Kinlough, Leitrim,335
"Kinnegad, Westmeath",Kinnegad,Kinnegad, Westmeath,1296
"Kinnitty, Offaly",Kinnitty,Kinnitty, Offaly,226
"Kinsale Town, Cork",Kinsale Town,Kinsale Town, Cork,3554
"Kinsealy-Drinan, Fingal",Kinsealy,Kinsealy, Fingal,2110
"Kinvara, Galway",Kinvara,Kinvara, Galway,447
"Knightstown, Kerry",Knightstown,Knightstown, Kerry,172
"Knock, Mayo",Knock,Knock, Mayo,595
"Knockbridge, Louth",Knockbridge,Knockbridge, Louth,335
"Knockglass, Cork",Knockglass,Knockglass, Cork,239
"Knocklong, Limerick",Knocklong,Knocklong, Limerick,204
"Knocknagree, Cork",Knocknagree,Knocknagree, Cork,204
"Lackaghbeg, Galway",Lackaghbeg,Lackaghbeg, Galway,220
"Ladytown, Kildare",Ladytown,Ladytown, Kildare,242
"Laghy (Laghey), Donegal",Laghy,Laghey, Donegal,174
,Laghey,Laghey,Donegal,
"Lahinch, Clare",Lahinch,Lahinch, Clare,625
"Lanesborough-Ballyleague, Longford and Roscommon",Lanesborough-Ballyleague,Lanesborough-Ballyleague, Longford and Roscommon,943
"Lawcus, Kilkenny",Lawcus,Lawcus, Kilkenny,273
"Laragh, Wicklow",Laragh,Laragh, Wicklow,357
"Laytown-Bettystown-Mornington, Meath",Laytown,Laytown, Meath,5597
,Bettystown,Bettystown,Meath,
,Mornington,Mornington,Meath,
"Leap, Cork",Leap,Leap, Cork,160
"Leighlinbridge, Carlow",Leighlinbridge,Leighlinbridge, Carlow,646
"Leixlip, Kildare",Leixlip,Leixlip, Kildare,15016
"Lemybrien, Waterford",Lemybrien,Lemybrien, Waterford,210
"Letterkenny Town, Donegal",Letterkenny Town,Letterkenny Town, Donegal,15231
"Lifford, Donegal",Lifford,Lifford, Donegal,1395
"Limerick City, Limerick",Limerick City,Limerick City, Limerick,86998
"Liscannor, Clare",Liscannor,Liscannor, Clare,108
"Liscarroll, Cork",Liscarroll,Liscarroll, Cork,256
"Lisdoonvarna, Clare",Lisdoonvarna,Lisdoonvarna, Clare,822
"Lismore, Waterford",Lismore,Lismore, Waterford,1182
"Listowel Town, Kerry",Listowel Town,Listowel Town, Kerry,3999
"Littleton, Tipperary North",Littleton,Littleton, Tipperary North,500
"Lixnaw, Kerry",Lixnaw,Lixnaw, Kerry,248
"Longford Town, Longford",Longford Town,Longford Town, Longford,7557
"Longwood, Meath",Longwood,Longwood, Meath,480
"Loughanure, Donegal",Loughanure,Loughanure, Donegal,312
"Loughglinn, Roscommon",Loughglinn,Loughglinn, Roscommon,182
"Loughrea, Galway",Loughrea,Loughrea, Galway,4004
"Loughshinny, Fingal",Loughshinny,Loughshinny, Fingal,663
"Louisburgh, Mayo",Louisburgh,Louisburgh, Mayo,207
"Louth, Louth",Louth,Louth, Louth,514
"Lusk, Fingal",Lusk,Lusk, Fingal,2456
"Macroom Town, Cork",Macroom Town,Macroom Town, Cork,2985
"Maddenstown, Kildare",Maddenstown,Maddenstown, Kildare,179
"Malahide, Fingal",Malahide,Malahide, Fingal,13826
"Mallow Town, Cork",Mallow Town,Mallow Town, Cork,8937
"Manorcunningham, Donegal",Manorcunningham,Manorcunningham, Donegal,320
"Manorhamilton, Leitrim",Manorhamilton,Manorhamilton, Leitrim,927
"Maynooth, Kildare",Maynooth,Maynooth, Kildare,10151
"Meathas Truim (or Edgeworthstown), Longford",Meathas Truim,Edgeworthstown, Longford,726
,Edgeworthstown,Edgeworthstown,Longford,
"Meenlaragh, Donegal",Meenlaragh,Meenlaragh, Donegal,430
"Midleton Town, Cork",Midleton Town,Midleton Town, Cork,7957
"Milford, Cork",Milford,Milford, Cork,204
"Milford, Donegal",Milford,Milford, Donegal,793
"Millstreet, Cork",Millstreet,Millstreet, Cork,1289
"Milltown, Kerry",Milltown,Milltown, Kerry,332
"Milltown, Kildare",Milltown,Milltown, Kildare,271
"Milltown Malbay, Clare",Milltown Malbay,Milltown Malbay, Clare,562
"Mitchelstown, Cork",Mitchelstown,Mitchelstown, Cork,3300
"Moate, Westmeath",Moate,Moate, Westmeath,1520
"Model Village (or Dripsey), Cork",Model Village,Dripsey, Cork,295
,Dripsey,Dripsey,Cork,
"Mohill, Leitrim",Mohill,Mohill, Leitrim,786
"Monaghan Town, Monaghan",Monaghan Town,Monaghan Town, Monaghan,5936
"Monasterevin, Kildare",Monasterevin,Monasterevin, Kildare,2583
"Moneenroe, Kilkenny",Moneenroe,Moneenroe, Kilkenny,678
"Moneygall, Offaly",Moneygall,Moneygall, Offaly,291
"Monivea, Galway",Monivea,Monivea, Galway,300
"Mooncoin, Kilkenny",Mooncoin,Mooncoin, Kilkenny,854
"Moroe, Limerick",Moroe,Moroe, Limerick,464
"Mount Bellew, Galway",Mount Bellew,Mount Bellew, Galway,667
"Mountcharles, Donegal",Mountcharles,Mountcharles, Donegal,432
"Mountcollins, Limerick",Mountcollins,Mountcollins, Limerick,230
"Mountmellick, Laois",Mountmellick,Mountmellick, Laois,3359
"Mountrath, Laois",Mountrath,Mountrath, Laois,1331
"Moville, Donegal",Moville,Moville, Donegal,1465
"Moycullen, Galway",Moycullen,Moycullen, Galway,883
"Moylough, Galway",Moylough,Moylough, Galway,236
"Mucklagh, Offaly",Mucklagh,Mucklagh, Offaly,521
"Muff, Donegal",Muff,Muff, Donegal,773
"Muinebeag (formerly Bagenalstown), Carlow",Muinebeag,Muinebeag, Carlow,2728
,Bagenalstown,Muinebeag,Carlow,
"Mullagh, Cavan",Mullagh,Mullagh, Cavan,479
"Mullaghmore, Sligo",Mullaghmore,Mullaghmore, Sligo,137
"Mullinahone, Tipperary South",Mullinahone,Mullinahone, Tipperary South,348
"Mullinavat, Kilkenny",Mullinavat,Mullinavat, Kilkenny,309
"Mullingar, Westmeath",Mullingar,Mullingar, Westmeath,15621
"Multyfarnham, Westmeath",Multyfarnham,Multyfarnham, Westmeath,153
"Mungret, Limerick",Mungret,Mungret, Limerick,248
"Murntown, Wexford",Murntown,Murntown, Wexford,243
"Naas Town, Kildare",Naas Town,Naas Town, Kildare,18288
"Naul, Fingal",Naul,Naul, Fingal,215
"Navan (An Uaimh) Town, Meath",Navan,Navan, Meath,19417
,An Uaimh,An Uaimh,Meath,
"Nenagh Town, Tipperary North",Nenagh Town,Nenagh Town, Tipperary North,6454
"Newbawn, Wexford",Newbawn,Newbawn, Wexford,169
"Newbliss, Monaghan",Newbliss,Newbliss, Monaghan,270
"Newcastle West, Limerick",Newcastle West,Newcastle West, Limerick,4017
"Newcastle, Dublin",Newcastle,Newcastle, Dublin,1160
"Newcastle, Tipperary South",Newcastle,Newcastle, Tipperary South,201
"Newcastle, Wicklow",Newcastle,Newcastle, Wicklow,851
"Newmarket, Cork",Newmarket,Newmarket, Cork,1055
"Newmarket-on-Fergus, Clare",Newmarket-on-Fergus,Newmarket-on-Fergus, Clare,1496
,Newmarket on Fergus,Newmarket-on-Fergus,Clare,
"Newport, Mayo",Newport,Newport, Mayo,527
"Newport, Tipperary North",Newport,Newport, Tipperary North,887
"New Ross Town, Wexford",New Ross Town,New Ross Town, Wexford,6537
"Newtown, Cork",Newtown,Newtown, Cork,224
"Newtown, Laois",Newtown,Newtown, Laois,245
"Newtowncunningham, Donegal",Newtowncunningham,Newtowncunningham, Donegal,663
"Newtownforbes, Longford",Newtownforbes,Newtownforbes, Longford,561
"Newtownmountkennedy, Wicklow",Newtownmountkennedy,Newtownmountkennedy, Wicklow,2521
"Newtownsandes, Kerry",Newtownsandes,Newtownsandes, Kerry,326
"Nobber, Meath",Nobber,Nobber, Meath,245
"Nurney, Kildare",Nurney,Nurney, Kildare,239
"O'Briensbridge-Montpelier, Clare and Limerick",O'Briensbridge,O'Briensbridge,Clare,375
"Oilgate, Wexford",Oilgate,Oilgate, Wexford,265
"Oldcastle, Meath",Oldcastle,Oldcastle, Meath,937
"Omeath, Louth",Omeath,Omeath, Louth,231
"Oldtown, Fingal",Oldtown,Oldtown, Fingal,162
"Oola, Limerick",Oola,Oola, Limerick,391
"Oranmore, Galway",Oranmore,Oranmore, Galway,1692
"Oughterard, Galway",Oughterard,Oughterard, Galway,1209
"Pallas Green, Limerick",Pallas Green,Pallas Green, Limerick,368
"Pallaskenry, Limerick",Pallaskenry,Pallaskenry, Limerick,550
"Passage East, Waterford",Passage East,Passage East, Waterford,636
"Passage West, Cork",Passage West,Passage West, Cork,4595
"Patrickswell, Limerick",Patrickswell,Patrickswell, Limerick,998
"Paulstown, Kilkenny",Paulstown,Paulstown, Kilkenny,292
"Pettigo (pt.) (a), Donegal",Pettigo,Pettigo, Donegal,275
"Piercetown, Wexford",Piercetown,Piercetown, Wexford,471
"Piltown, Kilkenny",Piltown,Piltown, Kilkenny,778
"Portarlington, Laois and Offaly",Portarlington,Portarlington, Laois and Offaly,4001
"Portlaoise (formerly Maryborough), Laois",Portlaoise,Portlaoise, Laois,15037
,Maryborough,Portlaoise,Laois,
"Portlaw, Waterford",Portlaw,Portlaw, Waterford,1183
"Portmarnock, Fingal",Portmarnock,Portmarnock, Fingal,8376
"Portrane, Fingal",Portrane,Portrane, Fingal,1726
"Portroe, Tipperary North",Portroe,Portroe, Tipperary North,401
"Portumna, Galway",Portumna,Portumna, Galway,1235
"Prosperous, Kildare",Prosperous,Prosperous, Kildare,1523
"Puckaun, Tipperary North",Puckaun,Puckaun, Tipperary North,269
"Quilty, Clare",Quilty,Quilty, Clare,234
"Quin, Clare",Quin,Quin, Clare,427
"Raharney, Westmeath",Raharney,Raharney, Westmeath,232
"Ramelton, Donegal",Ramelton,Ramelton, Donegal,1051
"Rannafast, Donegal",Rannafast,Rannafast, Donegal,279
"Raphoe, Donegal",Raphoe,Raphoe, Donegal,949
"Rathangan, Kildare",Rathangan,Rathangan, Kildare,1811
"Rathard, Cork",Rathard,Rathard, Cork,172
"Rathcoole, South Dublin",Rathcoole,Rathcoole, South Dublin,2499
"Rathcormac, Cork",Rathcormac,Rathcormac, Cork,429
"Rathdowney, Laois",Rathdowney,Rathdowney, Laois,1111
"Rathdrum, Wicklow",Rathdrum,Rathdrum, Wicklow,1387
"Rathkeale, Limerick",Rathkeale,Rathkeale, Limerick,1362
"Rathluirc (or Charleville), Cork",Rathluirc,Rathluirc, Cork,6685
,Charleville,Charleville,Cork,
"Rathmolyon, Meath",Rathmolyon,Rathmolyon, Meath,194
"Rathmore, Kerry",Rathmore,Rathmore, Kerry,450
"Rathmullan, Donegal",Rathmullan,Rathmullan, Donegal,514
"Rathnew, Wicklow",Rathnew,Rathnew, Wicklow,1441
"Rathvilly, Carlow",Rathvilly,Rathvilly, Carlow,500
"Ratoath, Meath",Ratoath,Ratoath, Meath,3794
"Reardnogy, Tipperary North",Reardnogy,Reardnogy, Tipperary North,159
"Rhode, Offaly",Rhode,Rhode, Offaly,705
"Ring, Waterford",Ring,Ring, Waterford,332
"Ringaskiddy (or Loughbeg), Cork",Ringaskiddy,Ringaskiddy, Cork,407
,Loughbeg,Loughbeg,Cork,
"Rivermeade, Fingal",Rivermeade,Rivermeade, Fingal,558
"Riverstown, Sligo",Riverstown,Riverstown, Sligo,273
"Robertstown, Kildare",Robertstown,Robertstown, Kildare,375
"Rochfortbridge, Westmeath",Rochfortbridge,Rochfortbridge, Westmeath,1382
"Rockcorry, Monaghan",Rockcorry,Rockcorry, Monaghan,287
"Roosky, Leitrim and Roscommon",Roosky,Roosky, Leitrim and Roscommon,198
"Roscommon, Roscommon",Roscommon,Roscommon, Roscommon,4489
"Roscrea, Tipperary North",Roscrea,Roscrea, Tipperary North,4578
"Rosscarbery, Cork",Rosscarbery,Rosscarbery, Cork,437
"Rosses Point, Sligo",Rosses Point,Rosses Point, Sligo,774
"Rosslare, Wexford",Rosslare,Rosslare, Wexford,1145
"Roundstone, Galway",Roundstone,Roundstone, Galway,239
"Roundwood, Wicklow",Roundwood,Roundwood, Wicklow,518
"Rush, Fingal",Rush,Rush, Fingal,6769
"Saggart, South Dublin",Saggart,Saggart, South Dublin,588
"St. Johnston, Donegal",St. Johnston,St. Johnston, Donegal,470
,St Johnston,St. Johnston,Donegal,
"Sallins, Kildare",Sallins,Sallins, Kildare,2922
"Scarriff, Clare",Scarriff,Scarriff, Clare,807
"Schull, Cork",Schull,Schull, Cork,693
"Scotstown, Monaghan",Scotstown,Scotstown, Monaghan,220
"Shanagarry, Cork",Shanagarry,Shanagarry, Cork,291
"Shanagolden, Limerick",Shanagolden,Shanagolden, Limerick,373
"Shannon, Clare",Shannon,Shannon, Clare,8228
"Shannon Environs, Clare",Shannon Environs,Shannon Environs, Clare,333
"Shannonbridge, Offaly",Shannonbridge,Shannonbridge, Offaly,248
"Shercock, Cavan",Shercock,Shercock, Cavan,454
"Shillelagh, Wicklow",Shillelagh,Shillelagh, Wicklow,278
"Shinrone, Offaly",Shinrone,Shinrone, Offaly,488
"Shrule, Mayo",Shrule,Shrule, Mayo,326
"Silvermines, Tipperary North",Silvermines,Silvermines, Tipperary North,257
"Sixmilebridge, Clare",Sixmilebridge,Sixmilebridge, Clare,1327
"Skerries, Fingal",Skerries,Skerries, Fingal,9149
"Skibbereen Town, Cork",Skibbereen Town,Skibbereen Town, Cork,2000
"Slane, Meath",Slane,Slane, Meath,823
"Slieverue, Kilkenny",Slieverue,Slieverue, Kilkenny,461
"Sligo Borough, Sligo",Sligo Borough,Sligo Borough, Sligo,19735
"Smithborough, Monaghan",Smithborough,Smithborough, Monaghan,240
"Sneem, Kerry",Sneem,Sneem, Kerry,285
"Spa, Kerry",Spa,Spa, Kerry,424
"Spiddle, Galway",Spiddle,Spiddle, Galway,190
"Stamullen, Meath",Stamullen,Stamullen, Meath,779
"Stradbally, Laois",Stradbally,Stradbally, Laois,1178
"Stradbally, Waterford",Stradbally,Stradbally, Waterford,298
"Stratford-on-Slaney, Wicklow",Stratford-on-Slaney,Stratford-on-Slaney, Wicklow,151
,Stratford on Slaney,Stratford-on-Slaney,Wicklow,
"Straffan, Kildare",Straffan,Straffan, Kildare,332
"Strandhill, Sligo",Strandhill,Strandhill, Sligo,1002
"Strokestown, Roscommon",Strokestown,Strokestown, Roscommon,631
"Summerhill, Meath",Summerhill,Summerhill, Meath,668
"Suncroft, Kildare",Suncroft,Suncroft, Kildare,498
"Swanlinbar, Cavan",Swanlinbar,Swanlinbar, Cavan,223
"Swinford, Mayo",Swinford,Swinford, Mayo,1497
"Swords, Fingal",Swords,Swords, Fingal,27175
"Taghmon, Wexford",Taghmon,Taghmon, Wexford,625
"Tallanstown, Louth",Tallanstown,Tallanstown, Louth,443
"Tallow, Waterford",Tallow,Tallow, Waterford,845
"Tarbert, Kerry",Tarbert,Tarbert, Kerry,548
"Templemore Town, Tipperary North",Templemore Town,Templemore Town, Tipperary North,2270
"Templetuohy, Tipperary North",Templetuohy,Templetuohy, Tipperary North,325
"Termonfeckin, Louth",Termonfeckin,Termonfeckin, Louth,503
"Thomastown, Kilkenny",Thomastown,Thomastown, Kilkenny,1600
"Thurles Town, Tipperary North",Thurles Town,Thurles Town, Tipperary North,7425
"Tievebane, Donegal",Tievebane,Tievebane, Donegal,267
"Timoleague, Cork",Timoleague,Timoleague, Cork,323
"Tinahely, Wicklow",Tinahely,Tinahely, Wicklow,692
"Tinriland, Carlow",Tinriland,Tinriland, Carlow,371
"Tinure, Louth",Tinure,Tinure, Louth,296
"Tipperary Town, Tipperary South",Tipperary Town,Tipperary Town, Tipperary South,4964
"Toomevara, Tipperary North",Toomevara,Toomevara, Tipperary North,321
"Tower, Cork",Tower,Tower, Cork,3032
"Tralee Town, Kerry",Tralee Town,Tralee Town, Kerry,21987
"Tramore, Waterford",Tramore,Tramore, Waterford,8115
"Tramore Environs, Waterford",Tramore Environs,Tramore Environs, Waterford,190
"Trim Town, Meath",Trim Town,Trim Town, Meath,5894
"Tuam, Galway",Tuam,Tuam, Galway,5847
"Tubbercurry, Sligo",Tubbercurry,Tubbercurry, Sligo,1171
"Tulla, Clare",Tulla,Tulla, Clare,414
"Tullamore Town, Offaly",Tullamore Town,Tullamore Town, Offaly,11098
"Tullow, Carlow",Tullow,Tullow, Carlow,2417
"Tullyallen, Louth",Tullyallen,Tullyallen, Louth,617
"Two-Mile Borris, Tipperary North",Two-Mile Borris,Two-Mile Borris, Tipperary North,474
"Tyrrellspass, Westmeath",Tyrrellspass,Tyrrellspass, Westmeath,443
"Union Hall, Cork",Union Hall,Union Hall, Cork,202
"Urlingford, Kilkenny",Urlingford,Urlingford, Kilkenny,739
"Villierstown, Waterford",Villierstown,Villierstown, Waterford,192
"Virginia, Cavan",Virginia,Virginia, Cavan,1093
"Waterford City, Waterford",Waterford City,Waterford City, Waterford,46736
"Watergrasshill, Cork",Watergrasshill,Watergrasshill, Cork,386
"Waterville-Spunkane, Kerry",Waterville,Waterville, Kerry,538
,Spunkane,Spunkane,Kerry,
"Westport, Mayo",Westport,Westport, Mayo,5634
"Wexford Borough, Wexford",Wexford Borough,Wexford Borough, Wexford,17235
"Whitegate, Cork",Whitegate,Whitegate, Cork,440
"Whitegate, Clare",Whitegate,Whitegate, Clare,193
"Wicklow Town, Wicklow",Wicklow Town,Wicklow Town, Wicklow,9355
"Woodford, Galway",Woodford,Woodford, Galway,280
"Youghal, Cork",Youghal,Youghal, Cork,6577
